{"tonCountry":[["FR",58.67557662309577,29.904204210376896],["PT",39.431196922780686,10.645978180803684],["RU",50.25637026199055,4.029779640100149],["ES",40.33498822358085,19.102319834306613],["EN",53.78906542871439,30.802900331463377]],"langLength":{"RU":1909,"EN":28410,"ES":2892,"FR":431,"PT":653},"topKeywords":{"RU":[[["чемпионату russia",9],["әлем чемпионаты",9],["чемпионате мира",11],["память сувениры чм-2018",20],["россия чемпион",20]]],"EN":[[["fifaworldcup",318],["fifa world cup",502],["world cup",610],["bitcoin  crypto  worldcup",636],["worldcup",1603]]],"ES":[[["irán vs",8],["¿qué equipo",8],["¿cuál equipo",9],["world cup russia",11],["eresmegacurioso eres mega",22]]],"FR":[[["portugal c'est",6],["neutre lions for",19]]],"PT":[[["mexico",6]]]},"countryEmo":{"RU":["RU",19.053359999999998,9.96168,10.73026,9.81198,38.68082],"EN":["EN",15.239717881997949,28.13014186426089,8.340908785489933,8.41700127178652,13.38494661883355],"ES":["ES",14.36191707317073,19.450886585365843,8.325025609756102,9.603318292682925,22.253592682926833],"FR":["FR",11.539861538461537,28.7929596153846,8.159886538461537,7.737674999999999,14.846784615384617],"PT":["PT",14.947140963855421,23.84046987951807,9.41483855421687,10.60570963855422,22.79031807228916]}}