{"tonCountry":[["FR",56.54112631531941,33.74618925625785],["RU",51.33169857449048,4.278042013640594],["PT",42.23770499669497,10.872303240282239],["ES",41.41867335885175,20.61144380408822],["EN",53.69539213306981,32.25558799676983]],"langLength":{"RU":2036,"EN":69966,"ES":61548,"FR":1074,"PT":10495},"topKeywords":{"RU":[[["әлем чемпионаты",9],["сборная россии",10],["чемпионате мира",11],["память сувениры чм-2018",20],["россия чемпион",20]]],"EN":[[["england",739],["worldcup2018",954],["fifa world cup",1244],["worldcup",3467],["world cup",4559]]],"ES":[[["ter stegen",96],["puta madre",105],["mundial mas",117],["copa confederaciones",223],["mundial rusia",793]]],"FR":[[["portugal c'est",6],["équipes africaines",6],["sondage express",8],["world cup",13],["neutre lions for",19]]],"PT":[[["pra alemanha",14],["palmeiras nao",17],["mundial rusia",30],["mundo alemanha",30],["orgulho lgbt",31]]]},"countryEmo":{"RU":["RU",19.050816666666663,12.384566666666668,10.336966666666665,10.577716666666666,32.9994],"EN":["EN",17.980146527964518,31.250052828801284,8.74061786612074,9.477957251505305,10.965960343917018],"ES":["ES",18.34665719489981,26.66075446265937,11.143655919854282,11.673741530054635,10.099869763205833],"FR":["FR",12.92528736842105,28.958590526315785,7.5569905263157935,7.66837052631579,11.019150526315787],"PT":["PT",15.899998156682022,26.876101843317958,10.122767281106004,9.246548847926281,14.145781105990803]}}